event_id,review_date,original_impact,revised_impact,actual_outcome,lesson,created_at
1,2026-03-29,neutral,neutral,SOXSリバーススプリット: 価格影響なし。データ分析時のスプリット調整が必要という技術的注意事項,リバーススプリットは投資判断に影響しない。バックテスト時のデータ調整のみ注意,2026-03-29 02:14:03.221256
2,2026-03-29,negative,negative,イラン停戦拒否: Brent +4.22%翌日。エスカレーション継続の確認。SOXL 3/26-27で-21%の文脈,停戦拒否の影響は「新情報」ではなく「悪化継続の確認」。既に織り込まれている度合いが鍵,2026-03-29 02:14:03.222773
3,2026-03-30,neutral,negative,S&P 500が発表日-1.74%（2026年最大の日次下落）、翌日も-0.7%。原油は一時に急落後台に回復。市場は延長を問題先送りと解釈,イラン攻撃期限の延長は「交渉進展」ではなく「不確実性の長期化」と市場に解釈される。期限設定系イベントのimpactは先送り効果でnegative寄り,2026-03-30 14:14:14.740712
4,2026-03-31,negative,negative,利上げ確率52%突破(3/27)後、SOXL 3/27 $46.61→3/30 $40.62(-12.9%)、TQQQ $38.78→$37.89(-2.3%)。テック・半導体に顕著な下落圧力,利上げ織り込みシフトはグロース株バリュエーション圧縮に直結。特に3xレバETFは金利感応度が高い。CME FedWatch 50%超はnegativeで正しい,2026-03-31 10:02:47.626163
5,2026-03-31,negative,negative,Brent $112.57(3/28)→$115.35+(3/30)でさらに上昇。月間+55-59%で1990年湾岸戦争超えの史上最大月間上昇。SOXLロングなら3/28-30で-12.9%の追加損失,原油$110超でのさらなる上昇はテック・半導体への逆風が加速する。GS推定リスクプレミアム$14-18は的中。ホルムズ封鎖解除までは下方圧力継続,2026-03-31 10:02:47.628107
6,2026-03-30,negative,negative,SOXLが.97から.61に-4.82%下落（SOX -2.9%の3x増幅）。翌日も回復せず。VIX 31超の環境で半導体セクターの売りが加速,VIX 30超の環境ではSOX下落がSOXLで3x以上に増幅される傾向。3xレバレッジの非線形リスクは高ボラ環境で顕在化する,2026-03-30 14:14:14.741963
7,2026-03-31,negative,negative,S&P -1.67%/VIX 31+(3/28)後、3/30にS&P -0.39%(6343.72)でcorrection目前。VIX 30.61で高止まり。Nasdaq correction圏内継続。SOXL -12.9%、TECL -5.8%で3xレバの毀損加速,VIX 30+が3営業日以上継続する局面では、レバETFの日次リバランスによる価格毀損(volatility decay)が顕著。VIX高止まり期間の長さが損失の主因,2026-03-31 10:02:47.628677
8,2026-03-31,negative,neutral,3/30: フーシ派参戦後もVIX/Brentは横ばい。市場は追加のnegativeとして反応せず。紛争の多面化は構造的リスクだが、即時の価格インパクトは観測されなかった,非国家主体(フーシ派)の参戦は、主要国間の戦争が既に進行中の場合、追加のmarket impactが限定的。backgroundまたはneutralが適切。directに分類しない,2026-03-31 22:40:18.046715
9,2026-03-31,negative,negative,"3/30: 米軍直接被害の事実は3/31にNPRで詳報(12名+負傷,F-35被害)。3/31のトランプ停戦シグナルの一因になった可能性(国内世論圧力)。SOXLロングには短期negative→中期で停戦圧力としてpositive転換の可能性",米軍人的被害はescalation圧力だけでなく、停戦への政治的圧力も同時に生む。impact判定はnegativeで正しいが、二次効果(停戦加速)も考慮すべき,2026-03-31 22:40:18.045971
10,2026-03-31,negative,negative,"3/30月曜: SOXL -12.9%, VIX 30.6(微減), Brent $112.8(横ばい)。核施設攻撃はescalation継続の確認だが、市場の主反応はTurboQuant(半導体固有)。地政学イベント単体のインパクトは想定より小さかった",核施設攻撃のような「質的escalation」でも、市場が既にrisk_offレジームの場合は追加インパクトが逓減する。既に織り込み済みのescalationに対してnegativeを付けると過大評価になりやすい,2026-03-31 22:40:18.043116
11,2026-03-31,negative,negative,Dow correction入り(3/28)後、3/30もS&P -0.39%で下落継続。SPXL 3/26 $181.51→3/30 $170.20(-6.2%)。S&P 5週連続下落（4年ぶり）、8月以来安値,主要指数のcorrection入りは下落の終わりではなく加速のシグナル。機関投資家のリスク削減が連鎖し、レバETFの下落幅は指数の2-3倍,2026-03-31 10:02:47.627475
13,2026-03-29,negative,negative,IEEPA関税発動後、不確実性上昇。SOXL Q1で下落基調。ただし実際の発効は段階的で即時暴落ではなかった,関税「発表」と「発効」のタイムラグがある。市場は発表時に織り込み始めるが、発効まで段階的に反応,2026-03-29 02:14:03.206596
14,2026-03-29,positive,positive,ガザ停戦後、原油リスクプレミアム縮小。Brent $76→$69(2月)。停戦自体は限定的だが中東リスク後退方向は正,停戦の市場影響は間接的・漸進的。直接の株価反応より原油経由の影響が主,2026-03-29 02:14:03.204841
15,2026-03-29,negative,negative,FRB据え置き後、Nasdaq下落基調継続。Q1全体で-10%。「インフレ進展」削除は利下げ後退シグナル,FRB声明の文言変更は方向性シグナルとして有効。ただし単回のFOMCより関税政策の影響が大きかった,2026-03-29 02:14:03.205757
16,2026-03-29,negative,negative,コアインフレ見通し引上げ→利下げ期待後退→3月S&P -5.75%。関税×インフレの複合影響,FRBのインフレ見通し引上げは、関税影響の「公式認定」として市場インパクトが大きい,2026-03-29 02:14:03.207218
17,2026-03-29,negative,negative,Q1全体: SOXL約-30%、TQQQ約-20%。レバETFへの影響は指数の2-3倍で想定通り,四半期サマリーイベントのimpact判定は事後的に自明。個別イベントの判定精度を重視すべき,2026-03-29 02:14:03.207796
18,2026-03-29,negative,negative,Liberation Day: SOXL -29.8%(当日)、-40.8%(5日後)。歴史的暴落。impact=negativeは正しいが影響の「桁」を過小評価,Liberation Day規模のイベントではimpact=negativeだけでなく「severity」の区分が必要。通常のnegativeと-30%/日は質的に異なる,2026-03-29 02:14:03.208429
19,2026-03-29,positive,positive,90日停止: SOXL +54.8%(当日)。ただし5日後は+13.2%に縮小。初日の反発は「ショートカバー+安堵ラリー」で持続性は低かった,関税停止の初日反発は過大評価されやすい。5日後の+13%が実質的影響の目安。3xレバは反発も3倍,2026-03-29 02:14:03.208995
20,2026-03-29,neutral,neutral,FRB据え置き: SOXL/TQQQともに有意な反応なし。市場予想通りの据え置きは「非イベント」,市場予想通りのFOMC結果はneutral判定で正しい。サプライズがない限り価格反応は限定的,2026-03-29 02:14:03.210086
21,2026-03-29,positive,positive,米中関税引下げ: SOXL +21.4%(当日)、+28%(5日後)。半導体サプライチェーンへの直接的恩恵,米中関税緩和は半導体セクターに最も直接的。SOXLの反応(+21%)がTQQQ(+12%)を大幅に上回った,2026-03-29 02:14:03.2106
22,2026-03-29,positive,positive,OPEC増産→Brent $58.50。原油安はインフレ圧力軽減で正しくpositive。SOXL/TQQQへの影響は間接的だが方向は正,OPEC増産の影響は原油価格経由で間接的。半導体への影響は「インフレ→FRB→金利」のパスで遅延する,2026-03-29 02:14:03.209568
23,2026-03-29,positive,positive,Q2末ATH: S&P/Nasdaq最高値。Liberation Day暴落→90日停止→米中合意→停戦で完全回復。回復に約3ヶ月,V字回復に3ヶ月。暴落時のパニック売りがいかに不適切かを示す。ただし3xレバでは-40%後の回復に+67%必要,2026-03-29 02:14:03.212177
24,2026-03-29,negative,negative,12日間戦争開始: SOXL -7.6%(当日)、5日後-0.5%。negativeだが影響は短期的。OPEC増産が原油ショックを相殺,限定的軍事衝突(12日間)の株式影響は短期的。原油の構造的供給遮断がない限り、地政学ショックは数日で吸収される,2026-03-29 02:14:03.211147
25,2026-03-29,positive,positive,イラン停戦: SOXL +11%(当日)、+14.5%(5日後)。停戦による持続的回復。ただし「戦前水準」までは戻らず,停戦の回復は関税停止より漸進的だが持続性が高い(5日後も上昇継続)。関税停止は初日に集中,2026-03-29 02:14:03.211665
26,2026-03-29,negative,neutral,Section 232銅関税: 半導体への直接影響は限定的。銅は半導体製造の副次的原材料。SOXL/TQQQ有意な反応なし,Section 232のimpactはセクター依存。銅関税を半導体にnegative判定したのは過大評価。対象品目のスコープ確認が必要,2026-03-29 02:14:03.212715
27,2026-03-29,positive,positive,NVIDIA Q2決算: SOXL/SOX上昇基調の継続に寄与。AI需要確認がカタリスト。SOX Q3で+13.8% YTD,NVIDIA決算は半導体セクター全体のセンチメントを決定する最重要イベント。ビートは数週間の上昇トレンドを支える,2026-03-29 02:14:03.21321
28,2026-03-29,positive,positive,FRB 9月利下げ: SOXL当日は-0.0%（織り込み済み）、5日後+12.2%。利下げ自体よりサイクル開始の確認が重要,FRB利下げの株価影響は「当日」ではなく「数日〜数週間」で顕在化。当日は織り込み済みで動かないことが多い,2026-03-29 02:14:03.213731
29,2026-03-29,positive,positive,Q3全体: SOXL大幅上昇。SOX +13.8% YTD。3指数ATH。AI+利下げの好環境,"四半期サマリーは事後的。#17と同じく個別イベント判定の精度を優先すべき",2026-03-29 02:14:03.21422
30,2026-03-29,negative,negative,中国100%関税発表: 脅し目的の要素が大きく、実際には11月合意で回避。発表時は一時的に下落,トランプの極端な関税発表は「交渉戦術」の可能性がある(K-009パターン)。100%→最終49%。初期反応を過大評価しない,2026-03-29 02:14:03.214724
31,2026-03-29,positive,positive,FRB 10月利下げ: 利下げ自体はpositive。分裂投票は不確実性要因だが、サイクル継続の確認が優先,FOMC分裂投票は「次回の不確実性」を示すが、当回の利下げ自体のpositiveを打ち消すほどではない,2026-03-29 02:14:03.215282
32,2026-03-29,positive,neutral,米中包括合意: SOXX +6.7%(当日)だがSOXL 5日後-11.9%。「sell the news」パターン。期待先行で発効後に利確,トランプ関税パターン(K-009)の「合意」フェーズは「sell the news」になりやすい。期待先行で織り込み済み→利確売り,2026-03-29 02:14:03.215773
33,2026-03-29,positive,positive,NVIDIA Q3決算: 売上$57B(過去最高)、受注残$500B。AI需要加速を確認。SOX上昇トレンド維持,NVIDIA決算の3連続ビートは半導体セクターの構造的強さを示す。ただし「期待値」が上がり続けるためビートのハードルも上昇,2026-03-29 02:14:03.216297
34,2026-03-29,neutral,negative,FRB 12月利下げ: 利下げ実施も9-3分裂+2026年1回のみ示唆。タカ派シグナルが利下げのpositiveを上回った,FRB利下げでも「将来の利下げ縮小」シグナルがあればneutral→negativeに転化する。ドットプロットの先行シグナル重視,2026-03-29 02:14:03.216795
35,2026-03-29,negative,negative,イラン抗議: 直接的株価影響は限定的だが、2026年2月のEpic Furyへの伏線として正しくnegative,政情不安の市場影響はイベント単体では小さいが、エスカレーションチェーンの文脈で評価すべき,2026-03-29 02:14:03.217282
36,2026-03-29,positive,positive,2025年通年: S&P +16.39%、SOX +41%。レバETFの基礎指数が年間で大幅上昇。正しくpositive,年間サマリーは事後的。個別イベント判定の集積として確認用,2026-03-29 02:14:03.21777
37,2026-03-29,positive,positive,SOX ATH 7665: SOXL +9.7%(当日)、+13.9%(5日後)。AI楽観の頂点。以後3ヶ月で-34%の起点,ATHは「頂点」のシグナルになりうる。positive判定は事実だが、ATH後の反転リスクも同時に認識すべき,2026-03-29 02:14:03.218266
38,2026-03-29,neutral,neutral,FRB据え置き: 市場予想通り。SOXL/TQQQに有意な反応なし。neutral正しい,据え置き予想の据え置きはneutral。反対票2は注目だが市場は無視した,2026-03-29 02:14:03.218788
39,2026-03-29,positive,neutral,IEEPA違憲: SOXL +2.9%(当日)、5日後-3.8%。Section 122即日発動で効果相殺。Fortuneも「市場は冷静」と報道,司法判断のpositiveは行政の代替措置で即座に相殺されうる。法的勝利≠市場インパクト,2026-03-29 02:14:03.219297
40,2026-03-29,negative,negative,Section 122発動: 実質的に関税レベル維持。法的不確実性は新たなリスク。SOXL翌週から下落基調,Section 122は法的基盤が脆弱(150日制限、15%上限)。市場は「次の法的チャレンジ」を不確実性として織り込む,2026-03-29 02:14:03.219813
41,2026-03-29,negative,negative,Epic Fury: SOXL -3.9%(当日)、-26.7%(5日後)。12日間戦争(-7.6%当日)より遥かに大きい影響,Epic Furyと12日間戦争の差は「ホルムズ海峡封鎖」の有無。供給遮断を伴う軍事衝突は桁違いの影響,2026-03-29 02:14:03.220286
42,2026-03-29,negative,negative,ホルムズ封鎖: SOXL 5日後-15.1%。原油→インフレ→FRB利上げ懸念の波及。当日は反応薄だが波及効果が大,ホルムズ封鎖は当日ではなく数日〜数週間で影響が顕在化。原油→インフレ→FRBの波及パスに遅延がある,2026-03-29 02:14:03.220767
43,2026-03-29,negative,negative,Section 301調査: 半導体を明示的に対象。コメント4/15、完了7/24。SOXL下落基調の一因,Section 301は完了まで数ヶ月かかる。発表時のimpactより「不確実性の持続期間」が重要,2026-03-29 02:14:03.221776
44,2026-03-29,neutral,neutral,"FRB 3月据え置き: 予想通り。CME利上げ確率52%が既存イベント#7で報道済み。追加情報限定的",FOMCがドットプロットで既に示した方向を再確認するだけの場合、市場反応は限定的,2026-03-29 02:14:03.22226
45,2026-03-31,negative,neutral,3/30-31: 軍事プレゼンス増強は市場に直接反応を起こさなかった。ヘグセス国防長官が3/31に「予測不能」発言で間接的に言及したが、株価への即時影響なし,軍事展開(艦船到着等)は「能力の配置」であり即時の市場インパクトは薄い。impactはneutral/backgroundが適切。negativeは「攻撃実行」時に付与すべき,2026-03-31 22:40:18.04738
46,2026-03-30,negative,neutral,市場の直接的な反応は確認できず。調査段階であり即時関税ではない。公聴会4/28、完了目標7/24で時間軸が長い,Section 301調査開始はbackground情報。即時関税でない調査段階のimpactはneutralが適切。実際の関税発動時にnegativeに再評価する,2026-03-30 14:14:14.737715
47,2026-04-02,negative,neutral,3/30(月)SOXL 46.61->40.62(-12.9%)だが、これは週末イベント群の複合要因。脅迫自体は口先のみで地上戦には至らず。3/31-4/1でV字回復(SOXL +28.7%)。VIX 31->24.5に急低下,戦争中の議会・軍幹部の「脅迫的発言」は口先に留まる傾向。過去lesson(軍事展開=能力配置でneutral)と同パターン。impactはneutral。実際の地上戦開始時のみnegativeに格上げすべき,2026-04-02 12:44:35.787271
48,2026-04-02,neutral,neutral,パキスタン4カ国外相会談は実施され、イランが間接協議を認めた。中国を保証人に引き込む動きも。3/31-4/1の市場反発の一因だが、4/2時点でイランは直接交渉を否定。具体的合意には至っていない,仲介・外交チャネル開設はneutralが適切。市場は一時的に和平期待で反発するが、具体的合意なき段階ではimpact判定をpositiveに引き上げない。合意署名時にpositiveとする,2026-04-02 12:44:35.792363
49,2026-04-01,negative,neutral,"3/30(月): SOXL 40.62(-12.8%,但し3/27からの継続下落), TQQQ 37.89(-2.3%), VIX 30.61(横ばい), Brent $112.78(横ばい)。地上作戦報道の追加インパクトは限定的。3/31にはトランプ戦争終結シグナルでSOXL+18%, VIX 25.25へ急落し完全に上書きされた",地上作戦の『計画・準備』段階のimpactはneutral。過去lesson(ID 60: 軍事展開は能力の配置)と同パターン。市場が反応するのは『実行開始』のタイミング。特にトランプ未承認の計画報道は織り込み済みとして扱うべき,2026-04-01 17:05:49.48838
50,2026-04-02,neutral,neutral,"Trumpの主張は4/2時点でイランが全面否定。しかし市場は3/31-4/1に和平期待で反発(S&P +0.72%, Nasdaq +1.16%)。K-009パターン(合意=sell the news)は未検証（合意に至っていない）",Trumpの「相手が合意した」主張は相手方が否定するパターンが繰り返される。impact判定はneutralが正解。市場は一時的に反応するが検証不能な主張は持続的impactを持たない,2026-04-02 12:44:35.795902
51,2026-04-04,negative,negative,"3/30 SOXL -12.9%(40.62), VIX 30.61。攻撃強度増大は当日のrisk_off深化に寄与",戦争中の攻撃強度増大は、他のnegativeイベントと重畳してrisk_off加速要因。ただし翌日停戦シグナルで急反転(-12.9%→+17.9%)したため、単独の持続力は限定的,2026-04-04 11:55:38.097299
52,2026-04-02,negative,neutral,イスラエル本土への10波攻撃は既に進行中の戦争のエスカレーションだが、市場は3/31-4/1に強く反発。SOXL +28.7%、VIX 31->24.5。戦争継続中の追加ミサイル交換は新規のnegative impactを生まなかった,進行中の戦争における追加のミサイル交換はneutral。過去lesson(フーシ派参戦=neutral)と一致するパターン。戦争開始後は「新たな参戦国」「核使用」等の質的変化のみnegative,2026-04-02 12:44:35.79317
53,2026-04-02,positive,neutral,プレマーケット先物+0.46%は取引開始後に完全反転。SOXL 3/27 46.61->3/30 40.62(-12.9%)、TQQQ 38.78->37.89(-2.3%)。日中に大幅売り。プレマーケットのpositiveシグナルは実現しなかった,VIX>30の高ボラ環境でのプレマーケット先物反発はimpact判定に使えない。取引時間中の反転リスクが高く、positiveと判定すべきでない。高VIX時のプレマーケット先物はneutral扱いとする,2026-04-02 12:44:35.794359
54,2026-04-07,neutral,neutral,"NFP予想イベント。実績+178Kは#125で別途記録済み。予想イベント自体は実績発表で上書きされるためneutral維持は妥当",予想/予定イベントのimpactはneutralが正しい。実績発表イベントと分離記録が望ましい,2026-04-07 10:42:49.376747
55,2026-04-02,negative,neutral,Brent $115+は一時的。3/30 112.78->3/31 118.35->4/1 105.67。ピーク後に急反落し$100割れ水準まで。WSJホルムズ緩和報道+IEA備蓄放出+和平期待で原油は下落に転じた。SOXLは同期間+28.7%反発,原油の急騰ピーク($115+)は持続せず反転した。戦時の原油スパイクは政策対応(備蓄放出)と和平報道で急速に巻き戻る。スパイク時点のnegative判定より、反転可能性をimpact_reasoningに含めるべき,2026-04-02 12:44:35.794957
56,2026-04-02,negative,neutral,大学は予防的にリモート移行したが、IRGCの攻撃は実行されなかった。月曜正午の期限経過後も具体的攻撃なし。市場はこの脅迫を無視し、3/31-4/1に強く反発,IRGCの攻撃「脅迫・期限設定」は実行されない傾向。過去lesson(期限延長=不確実性の長期化)とは別パターン: これは「期限を設定したが実行しない」空砲。脅迫のみはneutral,2026-04-02 12:44:35.797051
57,2026-04-04,negative,neutral,3/30 SOXL -12.9%だが、翌3/31に+17.9%急反転。Trumpは裏で停戦交渉を進めながら公にはエスカレーション発言,Trumpの「石油を取る」等の最大限エスカレーション修辞は、水面下の停戦交渉と並行する交渉戦術。市場を独立に動かすpower無し。同時期の実際の行動(停戦シグナル)が市場を支配する,2026-04-04 11:55:38.103528
58,2026-04-04,negative,negative,3/30 SOXL -12.9%。GCC中立国への波及は地域紛争拡大シナリオを強化し、当日のリスクオフに寄与,紛争のGCC中立国への物理的波及(クウェート攻撃)はnegative。ただし戦争全体の停戦交渉が優先されれば市場への持続的影響は限定的,2026-04-04 11:55:38.102443
59,2026-04-04,negative,negative,"3/30 SOXL -12.9%, テヘラン完全停電。攻撃範囲拡大(武器→政府インフラ)は当日のrisk_offに寄与",攻撃範囲の質的拡大(軍事→民間インフラ)は当日のnegativeインパクトに寄与するが、停戦交渉進展で急速に打ち消される,2026-04-04 11:55:38.104251
60,2026-04-04,neutral,neutral,Section 232自動車部品の手続き段階。市場反応なし。4/2にUSMCA免除無期限延長が発表されている,関税の調査・手続き段階イベントはneutral確定。実際の適用拡大時に再評価,2026-04-04 11:56:57.51458
61,2026-04-04,negative,neutral,3/30 SOXL -12.9%だが翌日+17.9%。Truth Social投稿の「完全消去」脅迫は、翌日のWSJ停戦報道で完全に打ち消された,"Trump SNS上の最後通牒(インフラ完全破壊脅迫)は交渉ポジション取り。#57と同パターン。公開脅迫と裏チャネル交渉を同時に行う戦術。SNS投稿単体のimpactはneutral",2026-04-04 11:55:38.104927
62,2026-04-04,negative,negative,3/30引けデータの記録。SOXL 40.62(-12.9%)、テック-1%超。翌日反転したが当日の実績は正確,引けデータの記録イベントはそのまま確認。当日の事実として正確,2026-04-04 11:56:04.986359
63,2026-03-31,negative,negative,"イベント#4と同一内容の重複登録。実績は#4と同じ",重複イベント。scan-market実行時にsummary類似度チェックが必要,2026-03-31 10:02:47.62684
64,2026-04-04,negative,negative,Micron -9.88%。SOXL 3/30 -12.9%。GoogleのTurboQuant AIによるHBM需要懸念はセクターセンチメントを悪化させた,AI技術によるメモリ圧縮(HBM需要減少リスク)は半導体セクターに直接negative。ただし戦争停戦シグナルなどマクロ要因が入れば翌日に打ち消される一時的インパクト,2026-04-04 11:56:04.988041
65,2026-03-31,negative,neutral,Section 301調査開始(3/17)後、SOXLは3/17-3/30で約-26%下落したが、主因はイラン戦争エスカレーション・Micron急落・原油高。Section 301自体の市場インパクトは限定的。公聴会(5/5-8)はまだ先,Section 301調査開始のimpactはneutral。過去lesson(ID 60)と一致: 即時関税でない調査段階は市場に直接影響しない。公聴会・コメント締切接近時に再評価する,2026-03-31 10:02:47.622824
66,2026-03-31,negative,negative,Toll Booth報道(3/26)後、Brent $112.57(3/28)→$115+(3/30)。SOXLは3/26 $48.97→3/30 $40.62(-17%)。Fortune分析のL字プラトー論が市場で引用され始めている,ホルムズ海峡の制度化（法制化・課金体制）は停戦後のV字原油価格回復を妨げる構造要因。単なる一時的封鎖と区別して長期negative評価が必要,2026-03-31 10:02:47.62538
67,2026-04-04,negative,negative,3/30 S&P 6343でcorrectionまで1%未満。翌3/31に+2.91%で回避。Q1末リバランスも完了,correction閾値接近はセンチメント悪化要因だが、カタリスト(停戦シグナル)で急回復可能。閾値そのものより「何がきっかけで突破/回避するか」が重要,2026-04-04 11:56:04.988767
68,2026-04-04,positive,positive,"3/31 SOXL +17.9%, VIX -17.5%, S&P +2.91%。WSJ Trump停戦報道がsession 11期間最大のカタリスト",WSJ等の大手メディアによるTrump停戦意向報道は即座にリスクオン転換を引き起こす。K-009パターン(急反転)の典型。positive確定,2026-04-04 11:56:04.990425
69,2026-04-04,negative,neutral,3/31 SOXL +17.9%。米軍負傷12名のニュースは停戦シグナル(WSJ報道)に完全に押し流された,進行中の戦争における米軍人的被害(負傷)は、停戦交渉進展があれば市場へのimpactはneutral。既存lesson「追加のミサイル交換=neutral」の拡張。KIA発生時は再評価が必要,2026-04-04 11:55:38.106911
70,2026-04-04,negative,neutral,サウジ迎撃成功、Aramco施設無傷。3/31 Brent $118だが4/1に$101(-14.5%)に暴落。供給途絶は発生せず,サウジ防空による迎撃成功パターンが確立。攻撃→迎撃成功→供給無事のサイクルが繰り返され、市場の感応度が低下。供給実被害がない限りneutral,2026-04-04 11:56:04.989807
71,2026-04-04,neutral,neutral,"市場は停戦シグナル(#68)に反応し、ルビオの「fluid」発言は追加インパクトなし","交渉の「進展中」「流動的」等の曖昧な外交発言はneutral。具体的なタイムライン(#83「weeks」)が出て初めてpositive",2026-04-04 11:56:04.991029
72,2026-04-04,negative,neutral,WTI一時+3.7%後にV字反転、引け+0.04%。クウェートVLCC攻撃は当日中に市場消化済み,停泊中船舶への攻撃は一時的スパイクを引き起こすが、供給量への実質影響が小さければ数時間で消化。V字パターンで市場の「攻撃耐性」が形成されている,2026-04-04 11:56:04.991635
73,2026-04-04,positive,positive,"3/31 S&P +2.91%, Nasdaq +3.83%, SOXL +17.9%。ホルムズ再開条件外しは合意ハードル低下の最重要シグナル",Trump停戦意向+条件緩和は最も強力なpositive催化剤。3/31の反発はこのイベントが主因。K-009パターン確認,2026-04-04 11:56:31.334579
74,2026-04-04,positive,positive,3/31 Nasdaq +3.83%反発の一因。パウエルの利上げ否定は停戦シグナルと合わせてダブルのpositive。VIX 30.61→25.25,FRB議長の「利上げ不要」発言は、戦時インフレ懸念を直接緩和する。停戦期待+金利安定のダブルテールウィンドは強力。positive確定,2026-04-04 11:55:38.106043
75,2026-04-04,positive,positive,"3/31引けS&P +2.91%, Nasdaq +3.83%まで加速。SOXL +17.9%。朝の+1.12%からさらに上昇",停戦シグナルでの反発は日中加速する傾向(+1.12%開場→+2.91%引け)。risk_offからの巻き戻しは後場に加速,2026-04-04 11:56:31.337003
76,2026-04-04,negative,neutral,3/31 S&P +2.91%。NATO迎撃4回目、第5条発動なし。トルコ方面は自制的対応が継続,NATOによるイラン→トルコ方面ミサイル迎撃はパターン化(4回)。第5条発動の閾値に「近づく」と繰り返し報じられるが、実際は自制的対応が継続。neutral化,2026-04-04 11:56:31.332676
77,2026-04-04,negative,negative,ガソリン$4は消費者実感の悪化。3/31は市場反発したがエネルギーコスト高は構造的問題として残存,ガソリン価格の消費者閾値突破($4)は構造的negative。市場が停戦で反発しても消費者購買力への影響は持続。政治的にTrumpの停戦圧力を高める間接効果もある,2026-04-04 11:56:31.337542
78,2026-04-04,neutral,neutral,中国船のみの特別通行。4/1 Brent $101に暴落は停戦シグナルが主因で、中国船通過の寄与は限定的,ホルムズ海峡の「選択的通行」は部分的供給回復を示すが、米国同盟国は対象外。市場全体へのimpactはneutral,2026-04-04 11:56:31.335356
79,2026-04-04,negative,neutral,3/31 S&P +2.91%。ヘグセスの「予測不能」発言は停戦シグナルに完全に埋没,軍事指導者の「地上作戦排除せず」等の曖昧な姿勢表明は、交渉中は戦術的ポジション取り。停戦シグナルが同時に存在すればneutral。過去lesson「脅迫的発言=neutral」と一致,2026-04-04 11:56:31.336377
80,2026-04-04,positive,positive,3/31正午S&P +1.56%→引け+2.91%。VIX 27.57→25.25。日中加速パターン確認,risk_off巻き戻し時の日中加速パターンを再確認。VIXの急落(-17.5%)は機関投資家のショートカバーを示唆,2026-04-04 11:56:31.338051
81,2026-04-04,neutral,neutral,特殊作戦部隊展開は能力配置。4/1 SOXL +9.1%で市場は無視。地上作戦は実行されず,K-020知見通り、military deployment=能力配置はneutral。攻撃実行時のみ再評価,2026-04-04 11:56:57.51215
82,2026-04-04,positive,positive,4/1 SOXL +9.1%。パキスタン・中国の5項目和平提案はde-escalation期待の一因,中国+仲介国の共同和平提案は外交モメンタムを示すpositive。ただし実効力は米国の受入次第,2026-04-04 11:56:57.515454
83,2026-04-04,positive,positive,"4/1 SOXL +9.1%, S&P +0.69%。ルビオ「weeks not months」は停戦タイムライン明示の最初の発言","外交官が具体的タイムライン(weeks)を初めて言及するとpositive。曖昧な「fluid」(#71)との対比が明確。タイムラインの有無がimpact判定の分水嶺",2026-04-04 11:56:57.513543
84,2026-04-04,positive,positive,"3/31引けS&P +2.91%, SOXL +17.9%。5月以来最大上昇日。VIX 25.25で閾値到達",引けデータの記録。positive確定。SOXL +17.9%はK-009パターン(急反転)の最大級の実例,2026-04-04 11:56:57.516854
85,2026-04-04,positive,positive,4/1 SOXL +9.1%。ペゼシュキアンの交渉認知は停戦交渉の信頼性を高めた,イラン大統領による交渉の公式認知は重要なpositive。それまでの外務省否定からの転換。交渉の「存在」が確認されたこと自体が市場信頼を高める,2026-04-04 11:56:57.516025
86,2026-04-04,neutral,neutral,Brent月間+60%は過去の事実記録。4/1にBrent $101(-14.5%)に暴落し、月間記録の持続力はなかった,月間騰落率の記録は過去データ。市場のforward lookingな動きには影響しない,2026-04-04 11:56:57.517486
87,2026-04-06,negative,neutral,QatarEnergy tanker hit. 4/1市場UP。カタール軍迎撃2/3成功。乗組員無事,湾岸タンカー攻撃: 迎撃成功パターン確立。環境被害なし→市場は「攻撃耐性」で消化,2026-04-06 13:31:02.141779
88,2026-04-04,negative,neutral,"4/1 SOXL +9.1%, Brent $101(-14.5%)。イスファハン/アフヴァーズ鉄鋼空爆は停戦交渉進展に完全に埋没",戦争中の産業インフラ(鉄鋼)への攻撃は、停戦交渉が進展中であればmarketへのimpactはneutral。軍事→産業の攻撃範囲拡大は停戦交渉進展下では消化済み,2026-04-04 11:56:57.518045
89,2026-04-06,positive,positive,"4/1プレマーケット+0.71%/+1.02%。4/1引け: S&P +0.72%, Nasdaq +1.16%。方向一致、impact正しい",プレマーケット方向と本セッション方向が一致した稀なケース。K-017の例外条件を要観察,2026-04-06 13:31:02.144057
90,2026-04-06,negative,neutral,"ISM PMI事前予想イベント。実績(#99)で上書き。単独では中立",事前予想イベントは実績発表で上書き。impact判定は実績で行うべき,2026-04-06 13:31:02.149642
91,2026-04-06,negative,neutral,Kuwait airport drone attack. 4/1 S&P +0.72%、市場は無反応。戦争開始以来の攻撃パターン消化済み,クウェート空港攻撃: 商業運航は既に停止中。追加の供給影響なし。K-024パターン（戦時エスカレーション割引）,2026-04-06 13:31:02.137452
92,2026-04-06,negative,neutral,"IRGC tech 18社攻撃宣言。24h経過後攻撃なし(#116で確認)。4/1 SOXL +9.1%",IRGC攻撃宣言は実行されず。半導体セクターは宣言を無視して+9%。口先脅迫はK-009パターン,2026-04-06 13:31:02.14464
93,2026-04-06,neutral,neutral,Trump演説「2-3週間で終わる」。先物は演説後下落したが翌日引け+0.11%。複合評価neutral,確認。演説は先物を動かしたが引けまでに消化。K-009パターンの一環,2026-04-06 13:31:02.156426
94,2026-04-06,negative,neutral,イスラエル・ベイルート空爆。4/1 S&P +0.72%。レバノン前線は進行中の副次戦線として織り込み済み,レバノン副次戦線: 戦争全体の中の1イベント。独立して市場を動かすpowerなし,2026-04-06 13:31:02.143137
95,2026-04-06,negative,neutral,Trump NATO離脱検討。4/1 S&P +0.72%。市場はイラン戦争和平期待を優先,Trump NATO発言は戦争中の交渉レバレッジ。独立してセクター/指数を動かさなかった,2026-04-06 13:31:02.145255
96,2026-04-06,positive,positive,WSJ: Trump戦争終結受入用意。4/1 S&P +0.72%の主要ドライバー。Bloomberg:株先物上昇,確認。WSJ報道が4/1リスクオンの核。ただし翌4/2に演説で否定→反転。情報の賞味期限は<24h,2026-04-06 13:31:02.147058
97,2026-04-06,negative,negative,ガソリン$4.02突破。消費者直撃。Michigan sentiment 53.3急落の背景,確認。ガソリン高はFed政策・消費者心理に持続的影響。ただし株式市場では同日+0.72%で無視,2026-04-06 13:31:02.147985
98,2026-04-06,negative,negative,IEA: 4月供給喪失は3月の2倍。構造的警告。Brentは$109→$110で高止まり,確認。IEA警告は構造的なoil crisis水準を裏付け。レジームのoil=crisis判定と一致,2026-04-06 13:31:02.148832
99,2026-04-06,negative,negative,ISM Prices Paid 78.3。2022年6月以来最高。インフレ加速を示唆。Fed利下げ遅延,確認。Prices Paid 78.3はインフレの実データ。Fed path変更リスクの先行指標,2026-04-06 13:31:02.150175
100,2026-04-06,positive,positive,"4/1引け: S&P +0.72%, Nasdaq +1.16%, SOXL +9.1%。正しい",確認。和平期待主導のリスクオンデー,2026-04-06 13:31:02.153151
101,2026-04-06,negative,neutral,イラン追加ミサイル攻撃。4/1 S&P +0.72%。K-024パターン,ミサイル交換継続=neutral。K-024確認,2026-04-06 13:31:02.154124
102,2026-04-06,positive,neutral,英国Hormuz外交会議。4/2に実際の市場反応は-1.5%intra→+0.11%close。外交会議単独のimpactは不明,外交会議の発表は材料にはなったが、市場を独立に動かしたかは不明。neutralが適切,2026-04-06 13:31:02.152616
103,2026-04-06,positive,neutral,Brent<$100。翌4/2に$106→$109に反発。一時的な下落で持続しなかった,Brent$100割れは一時的。24h以内に$109に戻った。oil=crisisレジーム変わらず。positiveは過大評価,2026-04-06 13:31:02.153632
104,2026-04-06,neutral,neutral,FRB据え置き確認。既に3月FOMC結果。新情報なし,確認。FOMCの振り返りで新材料なし,2026-04-06 13:31:02.151795
105,2026-04-06,neutral,neutral,ADP +62K上振れ。NFPの前哨戦として穏やか。賃金+4.5%はインフレ懸念だが即時反応なし,確認。ADP上振れは事前予想の範囲内、市場は他のヘッドラインで駆動された,2026-04-06 13:31:02.146135
106,2026-04-06,positive,neutral,WH Operation Epic Fury成功評価ファクトシート。演説前のframing。市場はその後の演説本体で反転,ファクトシートは演説前セットアップ。独立したmarket driverではない,2026-04-06 13:31:02.155957
107,2026-04-06,negative,negative,"Trump演説詳細: ""extremely hard""攻撃。先物急落(-600pts Dow)。4/2寄り-1.5%",Trump演説の戦争継続宣言は一時的にnegative。ただし日中にdip buyingで回復。impactは数時間持続,2026-04-06 13:31:02.156907
108,2026-04-06,negative,neutral,イラン外相: trust zero、交渉否定。4/2先物は-1.84%だが引け+0.11%。dip buy消化,外相声明はネガティブだが市場は日中で消化。和平交渉の拒否は既に織り込み済みパターン,2026-04-06 13:31:02.155448
109,2026-04-06,positive,neutral,SpaceX IPO申請。4/1 Nasdaq +1.16%だが主因は和平期待。IPO単独のimpactは限定的,SpaceX IPOは長期テーマ。4/1の上昇は地政学主導。IPO申請自体のimmediate impactは限定的,2026-04-06 13:31:02.154599
110,2026-04-06,positive,positive,Auto/USMCA免除無期限延長。関税不確実性1つ除去,確認。関税不確実性の除去はpositive,2026-04-06 13:31:02.157402
111,2026-04-09,neutral,neutral,"OPEC+会合結果は206k bpd増産継続。#130と同一イベントの別角度。Brent横ばい(109-110)で市場影響なし",OPEC+増産は封鎖解除なしでは紙上の決定。実供給に変化なければ原油価格は動かない,2026-04-09 19:38:31.495065
112,2026-04-06,negative,neutral,4/2プレマ-1.1%→引け+0.11%。K-017確認。プレマ方向≠引け方向,K-017再確認。プレマーケットの方向でエントリーするとwhipsaw,2026-04-06 13:31:02.158142
113,2026-04-06,negative,neutral,Brent +4.8%→$106。しかし最終引け$109。原油の日中ボラは大きいが方向は定まらず,Brent日中急騰は続かず。Trump演説反応の一時的スパイク。持続的な方向変化ではない,2026-04-06 13:31:02.158728
114,2026-04-06,negative,neutral,イラン反発声明+追加ミサイル。4/2引け+0.11%。K-024パターン,K-024。ミサイル交換・脅迫の繰り返しは市場感応度を失っている,2026-04-06 13:31:02.159491
115,2026-04-06,positive,neutral,LNGタンカーHormuz通過テスト。空船。成功/失敗の報告なし,Hormuz通過テストは注目材料だが、空船1隻では構造変化にならない。結果も未確認,2026-04-06 13:31:02.160342
116,2026-04-06,positive,positive,IRGC tech攻撃期限空振り。SOXL +9.1%。半導体セクターの脅威後退,確認。宣言→不実行で脅威後退。半導体の上昇と整合,2026-04-06 13:31:02.161127
117,2026-04-06,negative,neutral,"4/2プレマ-1.84%→引け+0.11%。K-017の最も劇的な事例。Trade #3のSLヒットもこの反転",K-017最強事例。-1.84%→+0.11%の4.3σ反転。プレマーケット方向への賭けは危険,2026-04-06 13:31:02.163295
118,2026-04-06,negative,neutral,UAE迎撃(弾道ミサイル5発+ドローン35機)。4/2引け+0.11%。K-024パターン,サウジ/UAE防空迎撃成功パターン。累計数字は大きいが市場は「攻撃→迎撃→無事」に慣れている,2026-04-06 13:31:02.161652
119,2026-04-06,positive,positive,"4/2 dip buying確認。引け+0.11%。Schwab:""After Brutal March, bargains""",確認。寄り後1hのdip buyingが日次方向を決定。K-017と整合,2026-04-06 13:31:02.163794
120,2026-04-06,positive,positive,Trump 10日停止。和平交渉シグナル。Brent一時$100割れの背景,確認。エネルギー攻撃停止は和平期待のfuelとなりpositive,2026-04-06 13:31:02.167671
121,2026-04-06,negative,neutral,イスラエル・テヘラン空爆。4/2引け+0.11%。K-024パターン,K-024。広範空爆も市場はdip buy消化。戦争のnew normalとして織り込み,2026-04-06 13:31:02.168917
122,2026-04-06,negative,positive,"4/2引けデータ修正: 実際はS&P +0.11%(6582.69), Nasdaq +0.18%(21879.18)。中間データで判定してしまった",重大修正: 4/2引けはpositiveだった。dip buying(-1.5%intra→+0.11%)でclose正。event登録時に中間価格を最終値と誤認,2026-04-06 13:31:02.166894
123,2026-04-06,negative,negative,鉄鋼50%関税4/6発効。ISM Prices Paid 78.3のインフレ経路強化,確認。関税発効はサプライチェーンコスト上昇のファクト。長期negative,2026-04-06 13:31:02.16457
124,2026-04-06,negative,negative,Iran-Oman Hormuzプロトコル。構造的変化:封鎖→恒久的許可制。長期oil影響あり,確認。通行許可制はHormuz再開後も原油構造に影響。短期neutral化しやすいが長期negative,2026-04-06 13:31:02.162506
125,2026-04-07,positive,positive,"4/6月曜: TQQQ +1.78%, SOXL +3.91%, SPXL +1.26%。NFP +178K（予想+57Kの3倍）はソフトランディング期待を強化。ただしGood Friday休場→月曜の反応はWSO救出・Trump ultimatum撤回と混在。NFP単独影響の分離は困難",NFP大幅上振れ+賃金減速の組合せ（ゴルディロックス）はリスクオン。Good Fridayリリースは月曜gap riskを生むが、今回は他のポジティブ要因と重なり上方gap,2026-04-07 10:42:49.377651
126,2026-04-07,negative,neutral,WSO（Col.ランク）は4/5にSEAL Team Six+155機で救出成功。米軍KIAゼロで決着。Trumpは'WE GOT HIM!'でpolitical victoryに転換。4/6月曜市場は上昇。初期の撃墜ショックは完全に解消,米軍機撃墜はKIA発生前はnegative、救出成功でneutralに転換。72時間以内の救出成功→政治的victoryに転換するパターン。scan-market時点では結果不明のためnegativeは妥当だったが、救出作戦進行中のイベントは暫定判定を明示すべき,2026-04-07 10:42:49.378419
127,2026-04-06,negative,negative,Pharma 100%関税。120/180日後発効。長期インフレ/コスト影響,確認。発効は先だが市場は長期コスト増を意識。ISM Prices Paid上昇の一因,2026-04-06 13:31:02.168178
128,2026-04-09,neutral,neutral,"4/6 SOXL+3.9%(52.75→54.81), TQQQ+1.8%。週末空爆272回だが月曜市場は上昇。戦闘継続は完全に織り込み済み",進行中の空爆は件数・規模に関わらずneutral。市場は戦闘そのものではなく外交トラック（停戦交渉）を注視する,2026-04-09 19:38:31.486202
129,2026-04-09,neutral,neutral,48h ultimatum→撤回→5日pause→新期限→停戦合意。K-009パターン通りの3段階展開。4/6先物-0.6%は期限そのものではなくNFP+週末リスク混合,Trump ultimatumは3回連続で撤回/延長された。K-009パターンの信頼度が更に上昇。neutralが妥当,2026-04-09 19:38:31.492626
130,2026-04-09,neutral,neutral,Brent 110.75(4/5)→109.77(4/6)。OPEC+増産決定は原油価格を動かさなかった。Hormuz封鎖下での象徴的措置という判定が正しかった,Hormuz封鎖中のOPEC+増産決定は供給に反映されず市場影響ゼロ。封鎖解除が前提条件,2026-04-09 19:38:31.493263
131,2026-04-09,neutral,neutral,WSO救出でKIA回避。4/6市場は地政学要因ではなく外交進展に反応。このイベント単体での価格インパクトは観測不能,米軍人救出成功はtail risk消失として正しくneutral。KIA発生時のみ再評価が必要,2026-04-09 19:38:31.491701
132,2026-04-06,negative,negative,"#99と重複登録。同一イベント（ISM 3月 52.7/Prices Paid 78.3）","重複イベント。#99と同一",2026-04-06 13:31:02.15096
133,2026-04-28,neutral,neutral,"4/14 SOXL +5.9%/TQQQ +5.4%/TECL +4.7%。銀行内mixed (JPM -3%, Citi +20yr high, WFC -6.6%, BAC +1.79%)、銀行セクター内格差だがbroad market risk_on継続。",決算シーズン開幕anticipation eventはneutral正解。個別銘柄反応(銀行内mixed)とindex反応(SOXL +5.9%)はdecoupleしうる。anticipationからimpact予測は不可能、neutralがdefault妥当,2026-04-28 18:10:02.862737
134,2026-04-14,neutral,neutral,"30Y 入札結果は market dominant catalyst (geopolitical) に従属. 10Y 4.31% 維持, SOXL +6.6% 継続",geopolitical catalyst dominant なら Treasury auction は secondary. 平時のみ primary,2026-04-14 09:05:20.883444
135,2026-04-06,positive,positive,TSMC +30% 2026ガイダンス。構造的ポジ材料。SOXL 4/1 +9.1%と整合,確認。AI capex構造は戦争ノイズを超えるドライバー,2026-04-06 13:31:02.165893
136,2026-04-06,neutral,neutral,Defense -8% March。conflict priced in。K-009補強,確認。市場効率性の証左,2026-04-06 13:31:02.1664
137,2026-04-06,negative,neutral,湾岸UN決議支持。外交イベント。4/2引け+0.11%。immediate impact限定,UN決議は中期的フレームワーク。即時の市場インパクトは限定。K-009的交渉背景,2026-04-06 13:31:02.165109
138,2026-04-09,positive,positive,ultimatum撤回→5日pause→停戦交渉→4/8停戦合意。K-009パターン完結。4/6は-0.6%から±0に回復、4/7は+0.1%、4/8は+2.5%（停戦）。de-escalationが停戦への道筋を開いた,Trump ultimatum撤回はK-009パターンの「交渉延長」フェーズ移行を示す。positiveは正確だが、市場反応は即日ではなく数日後の停戦合意で実現する遅延効果,2026-04-09 19:38:31.497144
139,2026-04-09,negative,neutral,"IRGC報復脅迫→実行されず。4/6 SOXL+3.9%, 市場は脅迫を無視。2日後に停戦合意。標的範囲拡大宣言は交渉レバレッジとして機能した",IRGC報復脅迫の標的範囲拡大（地域全体のインフラ）は実行されないK-024パターン。negativeからneutralへ修正。脅迫の「範囲」拡大は交渉ポジション取りの激化であり、実行リスクの増大ではない,2026-04-09 19:38:31.496168
140,2026-04-09,neutral,neutral,S&P先物-0.6%→引けでフラット。SOXL 54.81(+3.9% vs 4/2)。ギャップダウンは完全に埋められた。週末の地政学リスクは1日で消化,月曜プレマーケットのギャップダウンは当日中に埋める傾向。外交進展が並行する場合は特にリバーサルが速い,2026-04-09 19:38:31.497746
141,2026-04-09,neutral,neutral,"火曜20:00 ET期限→期限90分前に停戦合意成立。K-009パターン3回目: 期限設定→期限直前に合意/撤回。4/7 SOXL+3.2%, VIX 25.78(上昇)の混合反応",Trump期限は3回とも期限直前に解消。期限設定自体は交渉加速装置であり、市場はVIX上昇で不確実性を織り込むが株価は下がらない（期限解消期待）,2026-04-09 19:38:31.498279
142,2026-04-07,neutral,neutral,WTI-Brent逆転は継続中（4/6: WTI$112.41 vs Brent$110.11）。構造的な価格歪みとしてHormuz封鎖期間中は定着。レバETFへの直接影響は確認されず,WTI>Brentの構造的逆転はHormuz封鎖の副産物。方向性シグナルではなく、解消タイミング（=Hormuz再開）が重要なモニタリング対象,2026-04-07 10:42:49.379049
143,2026-04-09,neutral,neutral,"4/7引け: SOXL 56.55(+3.2%), S&P 6616.85(+0.08%)。朝の-0.6%から完全回復+α。Trump Hormuz期限当日だが市場は冷静",Hormuz期限当日の市場はVIX上昇(25.78)だが株価は微増。不確実性プレミアム＝VIX上昇、期限解消期待＝株価維持の分離パターン,2026-04-09 19:38:31.499723
144,2026-04-09,negative,neutral,"Khademi殺害→ハイファ報復→停戦合意。4/7 SOXL+3.2%, 4/8 SOXL+19.3%。最高位標的排除が停戦を加速した可能性。市場はエスカレーションではなく外交決着の前兆と解釈",戦争末期の高位指揮官殺害は停戦の障害ではなく触媒となりうる。「最後の圧力」が交渉妥結を加速するパターン。negativeからneutralへ修正。ただし戦争初期の同種イベントはnegativeの可能性あり,2026-04-09 19:38:31.500285
145,2026-04-09,neutral,neutral,ハイファ攻撃2名死亡→市場反応なし。4/7 S&P+0.08%。K-024パターン通り、繰り返しミサイル攻撃は無視された,Khademi殺害への報復ミサイルは予測可能な反応であり市場インパクトゼロ。K-024パターン再確認,2026-04-09 19:38:31.501146
146,2026-04-09,neutral,neutral,45日停戦枠組み→イラン未回答→2日後に2週間停戦で別途合意。枠組み自体は採用されなかったが外交モメンタムに寄与した可能性あり。4/8 S&P+2.51%は停戦合意自体への反応,多国間停戦枠組みの「提示」段階ではneutralが正しい。実際の合意は異なる形（2週間停戦）で実現。外交プロセスの個別提案ではなく合意成立を待ってimpact判定すべき,2026-04-09 19:38:31.50171
147,2026-04-09,negative,neutral,South Pars攻撃後: Brent 109.77(4/6)→109.27(4/7)→94.75(4/8)。原油は攻撃を無視して下落。石油化学85%停止の「供給実被害」判定だったが、市場は外交トラックを優先,外交交渉最終段階での軍事インフラ攻撃は市場に織り込まれない。石油化学（下流）vs原油（上流）の区別も重要。petrochemical施設破壊≠原油供給途絶。negativeからneutralへ修正,2026-04-09 19:38:31.499072
148,2026-04-14,neutral,neutral,K-009 確認: 口先拒否+significant proposal併記の後、25時間で停戦合意。SOXL $54.81→$80.56 (+47% 6日),"交渉初期の公式拒否と""significant proposal""併記はK-009の典型。rhetoric は action ではない",2026-04-14 09:05:20.865612
149,2026-04-09,neutral,neutral,IRGC「Hormuzは二度と戻らない」声明後、2日で停戦合意→Hormuz開放合意。声明と現実の乖離が再確認された,IRGC声明は交渉ポジション取りの一部。「二度と戻らない」宣言→2日後に停戦合意。K-024/K-009の複合パターン,2026-04-09 19:38:31.493925
150,2026-04-07,negative,neutral,"4/6発効日に市場は完全に無視。SOXL +3.91%, TQQQ +1.78%, SPXL +1.26%。銅50%関税は既存Section 232の計算基準変更（全額課税化）であり新規関税ではない。Hormuz危機・NFPの方がはるかに大きなカタリスト",Section 232関税の計算基準変更（derivative→full customs value）は市場インパクト低。新規関税と既存関税の調整は区別すべき。地政学リスクが支配的な環境では関税調整は埋没する,2026-04-07 10:42:49.37353
151,2026-04-14,neutral,neutral,"Trump ""taken out in a night"" 修辞→90分前に停戦deal。SOXL翌日 +19%。K-009完璧に確認",Trump 強い武力修辞も期限直前dealで無効化。K-009 再確認,2026-04-14 09:05:20.871396
152,2026-04-14,neutral,positive,"Counter-proposal提示→25時間後に停戦合意。SOXL $54.81→$67.50 (+23% 翌日), 6日で+47%",Counter-proposal(具体行動)は口先拒否(修辞)と区別すべき。neutral より positive 寄りが妥当,2026-04-14 09:05:20.870387
153,2026-04-14,neutral,neutral,S&P先物-0.4% → 引け+0.08% 全戻し。日中-1.2%安値からV字。翌日+2.51%,期限前警戒の先物売りは deal reach で即全戻し。期限前 position は見送り正解 (K-029 強化),2026-04-14 09:05:20.872152
154,2026-04-14,negative,neutral,"Kharg Island攻撃 WTI瞬間+3% → 12時間後ceasefireで Brent -13%到$94.75。negative はintraday のみ、翌日完全 reverse。SOXL +19%, SOXS gap down -17%","**軍事攻撃による oil spike は停戦可能性と並走する時 半減期 <12h**。negative単独判定はdangerous。""transient negative / conditional on no-deal"" と明示すべき",2026-04-14 09:05:20.874171
155,2026-04-14,neutral,neutral,インフラ空爆(30名死亡)も停戦邪魔せず。12時間後に Ceasefire reach。SOXL +19% 翌日,インフラ/民間犠牲は停戦合意を derail しない。K-024 確認: 戦時 escalation は price action と切断,2026-04-14 09:05:20.872693
156,2026-04-14,neutral,neutral,"IRGC ""年単位で石油遮断""宣言→実行されず。Brent $109→$94 (-13%) 24時間で逆方向",IRGC 年次宣言は実行率 ~0%。Brent は宣言ではなく実行でのみ動く。K-009 再確認,2026-04-14 09:05:20.873576
157,2026-04-14,neutral,positive,"Williams ""コアインフレ横ばい"" 発言→2日後 BLS 公式 core +0.2/+2.6 で裏付け。SOXL +47% 6日継続",Fed高官のインフレ楽観発言は neutral でなく positive 寄り。CPI cool で後から証明される,2026-04-14 09:05:20.874707
158,2026-04-14,negative,neutral,Iran backchannel cut報道 → 7時間後に停戦合意。Dow -382 intraday → 引け+0.08% 全戻し。翌日 +2.85%,"""交渉決裂""一報は deal 可能性と並走する時に neutral。現地報道と公式との ラグで誤報リスク高い。K-009 強変形",2026-04-14 09:05:20.875554
159,2026-04-14,positive,positive,"停戦合意確定。Brent $109→$94.75 (-13%), SOXL $56.55→$67.50 (+19%) gap up, SOXS gap down -17%。**SOXS SL $33.00 は open $27.70 で約定 → 計画-6.4%でなく実-17%**",**停戦 deal は gap を伴う。SL order は gap-through価格で執行 → 計画損失より実損失が大きい**。Inverse position に致命的。リスクオフ→オン転換期は SL 不十分、position exit 推奨,2026-04-14 09:05:20.877325
160,2026-04-14,positive,positive,Brent -13% 到$94.75 確認。SOXL $67.50 → $71.98 (+6.6%) 翌日継続,停戦+Hormuz 開放組み合わせは Brent -13% 級. リスクオンの複利効果,2026-04-14 09:05:20.877877
161,2026-04-14,positive,positive,日中-1.2% → 引け+0.08% 全戻し → 翌日 +2.51% (Dow +2.85%)。V字回復 → 翌日 gap up 確認,大幅intraday V字回復は翌日 gap up の先行指標。K-029 (V字→ momentum) 強化,2026-04-14 09:05:20.876525
162,2026-04-14,positive,positive,"先物 S&P+2.5%, Nasdaq+3.0%予測 → 引け S&P+2.51%, Nasdaq+2.80%, Dow+2.85% ほぼ一致",リスクオン時のCME時間外先物は引け値と0.3%以内。gap 予測は futures で十分,2026-04-14 09:05:20.878371
163,2026-04-14,positive,positive,"停戦ラリー確定: S&P +2.51%, Dow +1325pt, Nasdaq +2.80%。翌日も SOXL +6.6% 継続",停戦ラリー初日+2.85% は翌日も +5% 級モメンタム継続。1日で終わらない,2026-04-14 09:05:20.8792
164,2026-04-14,negative,neutral,"イラン「停戦違反」主張+Hormuz再閉鎖 → Brent $95.20 (実質横ばい), SOXL +6.6% 継続. 市場は主張を織り込まず",停戦違反の「主張」段階は price 影響ゼロ。実行(actual attack)との区別必須. K-024 系,2026-04-14 09:05:20.880831
165,2026-04-14,neutral,neutral,"Brent $97→$95.20(翌日横ばい), Goldman Q2 予測下方修正。相反シグナルで net flat",Goldman 予測改定は短期 price action を overturn しない. 中期方向性のみ shift,2026-04-14 09:05:20.881417
166,2026-04-14,positive,positive,"停戦維持+船舶通行開始 → SOXL +5.84%, SMH +5%, VIX 19.49(-6%)",停戦維持確認+交渉進展の組合せは ラリー2日目も +5% 級. K-026 (diplomacy overwrites escalation) 強化,2026-04-14 09:05:20.882077
167,2026-04-14,positive,positive,SOXL mid-session +5.84% → 引け $71.98 (+6.6%)。snapshot と close の乖離 ~0.7%,mid-session snapshot は引け値 との 1% 以内乖離. scan-market 記録精度として十分,2026-04-14 09:05:20.882883
168,2026-04-14,neutral,neutral,Israel Beirut 最大規模攻撃→ Dow -0.37% 小幅反落、SOXL 寄り後 $70→$71.98 (intraday reverse up +4%),停戦対象外戦線(Lebanon) の攻撃 は S&P -0.3% 以下. intraday 戻す. K-024+K-030 確認,2026-04-14 09:05:20.880036
169,2026-04-14,positive,positive,"Islamabad 代表団到着 → 4/10 SOXL $76.39 (+6.1%), 4/11 停戦維持. K-026 確認",対面交渉開始はラリー燃料. physical meeting は backchannel より weight 大,2026-04-14 09:05:20.884506
170,2026-04-14,positive,positive,"**DB 記録数値が全面的に誤り**. BLS公式: 総合+0.9% m/m +3.3% y/y (DBは+0.3/+2.8), コア+0.2% m/m +2.6% y/y (DBは+0.4/+3.1). 核心: hot headline(energy) + cool core (bifurcated). positive判定自体は正しい(市場は core 重視). SOXL +6.1%/+5.5% 2連騰",**CPI 数値は BLS 公式 (bls.gov/news.release/cpi.nr0.htm) から必須取得**. headline/core を分離記録. bifurcated時は core で市場反応を判断. 二次情報・記憶からの数値記録は誤りやすい,2026-04-14 09:05:20.886965
171,2026-04-14,negative,negative,"Saudi East-West+Manifa+Khurais被攻撃, 600k bpd損失, KIA発生。**当日Brent $95.20 実質横ばい**. 4/12 $102.18 (+7.3% 2日遅延 spike), 4/13 $96.94 reverse. Net small but **遅延反応型**",**サウジ油田攻撃の market 反応は 48h 遅延**。当日price flat → 2日後 spike → 3日目 normalize の 3日リズム. intraday 判定は早計. KIA でも反応遅延する,2026-04-14 09:05:20.885378
172,2026-04-14,positive,positive,"TSMC Q1 +35% YoY confirmed → 4/10 SOXL +6.1%, 4/13 +5.5% 継続. AI 需要 decouple from war/tariff",TSMC earnings beat は SOXL の single-day +5% 級追い風。hard data は戦争/関税 noise を overwhelm. AI 先行指標として強力,2026-04-14 09:05:20.886155
173,2026-04-14,positive,positive,"Israel-Lebanon 直接会談スタート, 停戦プロセス拡大. SOXL 4/13 +5.5% 継続",停戦プロセス拡大 (secondary front 含む) は SOXL indirect positive. 条件無し,2026-04-14 09:05:20.887509
174,2026-04-17,negative,neutral,"Islamabad talks collapse → 4/14 Iran-US revival signal → 4/16 Israel-Lebanon 10日停戦発効 → 4/17 Trump ""deal very close"" + Islamabad再交渉週末検討。S&P 6886→7041 ATH更新、SOXL +9.7% / TQQQ recovery。「regime change」framingは過剰、24h以内に再engagement",高位交渉の一時決裂は「レジームチェンジ」に該当しない。失敗報道と並走して裏チャネル再engagement signalが出るのが交渉終盤のnorm。K-024を交渉側にも拡張し、「交渉決裂 + 再engagement signal並走」パターンもneutral default,2026-04-17 17:26:26.198839
175,2026-04-17,negative,neutral,CENTCOM封鎖は4/13 23:00 JST発効済み、4/17時点で13隻turned back。しかし S&P 500 は4/13 6886→4/16 7041 ATH、SOXL +9.7%、Brent -9.4%。封鎖はイラン港限定(海峡全閉鎖でない)+イラン原油既制裁済 = 実需給影響限定的。市場はベース織り込み,公式軍事行動(CENTCOM声明)でも、スコープが限定的(個別港 vs 海峡全体)で既制裁下の対象なら市場影響はK-009修辞と同程度。「公式性」単独で negative 昇格は不十分、スコープ×対象既制裁有無で再評価,2026-04-17 17:26:26.199672
176,2026-04-17,negative,neutral,"Brent $102.18 (4/12) → $103+ peak (4/13) → $94.79 (4/14, -8%) → $92.53 (4/17, -9.4% from peak)。VIX 20.9→18.18 圧縮。SOXL $80.56→$88.37 (+9.7%)、S&P 500 6886→7041 (+2.25% ATH). 供給途絶プレミアは48h以内に剥離、TQQQ/SOXLロングに対する持続的逆風化せず",停戦崩壊起点のBrent急騰は「deal可能性並走」条件下で半減期<12h。K-024「transient negative / conditional on no-deal」パターン適用可。単独negative判定は過剰、neutral defaultが妥当,2026-04-17 17:26:26.193595
177,2026-04-17,neutral,neutral,"4/13 mild risk-off (Nikkei -0.72%等)は4/14 Iran-US revivalで即日反転。Nikkei は4/16 record 59,518.34まで回復。magnitudeがmildだった判断は正しく、market正常織り込み確認",戦争リスク下でのmild global selloff (<1%)は「織り込み完了signal」であり、逆張りcontrarian上昇を示唆することがある。magnitude + 同時展開の交渉状況併読で方向判定精度向上,2026-04-17 17:26:26.201844
178,2026-04-17,negative,neutral,4/13商業船舶自主停止は「実害段階」signalとして登録されたが、Brentは4/14に$94.79(-8%)、4/17 $92.53(-9.4%)まで下落。供給途絶は深刻化せず、deal hopesが供給懸念を上回った。SOXL/TQQQも影響受けず反転上昇,"商業船舶の「自主停止」は保険・リスク判断の暫定反応で、""実害 = 供給途絶""には即translate しない。ADR-003「供給に実被害」基準をより厳密に適用: VLCC沈没・精製所停止・在庫急減など実物フローの具体データを要求。自主停止段階はまだneutral",2026-04-17 17:26:26.201127
179,2026-04-17,neutral,neutral,"Iran側""piracy""非難・IRGC反発はすべてrhetoric止まり。4/17時点で米艦船への実攻撃・タンカー攻撃・交戦報告なし。K-009パターン確認、market neutral反応","交戦国政府の口頭反発はrhetoric pattern。""強力に対応""等の定型文言は実行伴わず。K-009を「対立当事者両方向」に拡張: Trump側/Iran側いずれの口先反発もneutral default",2026-04-17 17:26:26.200314
180,2026-04-17,positive,positive,"4/14 revival signal → 4/16 Israel-Lebanon 10日停戦発効 → 4/17 Trump ""deal very close"" + Islamabad再交渉週末検討。Brent $102→$92.53(-9.4%), VIX 20.9→18.18(-13%), SOXL $80.56→$88.37(+9.7%), S&P ATH 7041。positive判定full validation",交渉決裂24h以内の「talk resumption signal」は K-009 修辞修正ではなく強いpositive catalyst。過去の中立化lessonを無差別適用せず、revival の具体性(会談再開日付候補・仲介国声明等)を確認してpositive昇格判断,2026-04-17 17:26:26.203412
181,2026-04-17,positive,positive,"4/13 close S&P 6886 → 4/16 7041 ATH (+2.25%, Nasdaq 12日連騰は2009年7月以来最長), SOXL +9.7%, VIX -13%圧縮。risk_on転換の確定イベント判定は full validation",S&Pが戦争前高値を回復＝war premium完全剥離の定量signal。VIX contango + risk-on転換の組み合わせ確認後は positive bias を2-3日継続保持してよい,2026-04-17 17:26:26.204238
182,2026-04-28,neutral,positive,"Section 232 4/14期限通過、phase 2 ""significant tariffs"" 発動なし、framework agreements (韓国/台湾/日本) 既存維持。SOXL 4/14 close +5.9%、4/27 まで +44% rally で ""no news = good news"" read。","**Tariff overhang lifted パターン**: deadline通過時に新tariff発表なしは半導体 positive。当初neutral警戒は deadline 直前の警戒として妥当だが、通過後 SOXL +44% で結果的にpositive側confirm。次回類似deadlineでは ""no announcement = relief rally"" を base case として認識",2026-04-28 18:10:02.87259
183,2026-04-17,neutral,neutral,GS EPS $17.55 beat (+6.56%) → pre-market -3.06% = sell-the-news confirmed. 後続のJPM/Citi/WFC (4/14-15報告)でも類似mild反応。GS現在$899.49 vs earnings前$909.63 = -1.1%程度で落ち着く。SOXL/TQQQへの negative spilloverは発生せず金融単独にcontained,Pre-earnings rally後のbeat-and-retreatは金融セクター単独contained patternで、レバETF（半導体/テック）への spillover は限定的。K-034 (TSM等半導体 beat-and-retreat)との違い: 金融は銀行株止まり、半導体はTQQQ/SOXLにマクロ連動,2026-04-17 17:26:26.202417
184,2026-04-28,neutral,neutral,Citi anticipation: 結果は20年ぶり高値達成のpositive surprise。anticipation neutralは結果可能性両側open判定として妥当。,anticipation neutral は positive/negative 両裾未確定下のdefault妥当。事前にrestructuring success読みは情報優位なし,2026-04-28 18:10:02.868318
185,2026-04-28,neutral,neutral,JPM call後 -3% (NII guide cut)、market全体は SPX +1.18% で risk_on継続。call schedule のneutral判定はpre-event default正解。,Earnings call schedule neutral判定はpre-event default。post-eventで結果反映,2026-04-28 18:10:02.870449
186,2026-04-28,neutral,neutral,WFC call寄付後30分のVOL渦中 (K-018適用)、SPX +1.18% on day、寄付後ノイズ多いがdaily closeはrisk_on継続。,K-018 (3xレバ寄付後30-60分方向は予測しない) と earnings call timing 重なりで VOL spikeはあるがneutralデフォルト維持妥当,2026-04-28 18:10:02.87191
187,2026-04-28,neutral,neutral,JPM個別株 -3% (NII guide cut反応)、ただし市場全体 SOXL +5.9% で完全decouple。K-034 (beat-and-retreat) 個別銘柄レベル confirm。,K-034 beat-and-retreatは個別銘柄に作用、指数全体には及ばない。SOXLロング保有時は銀行決算個別反応に過剰反応不要,2026-04-28 18:10:02.867292
188,2026-04-28,positive,positive,Parquet完全一致: SOXL $80.56→$85.31 (+5.9%)、TQQQ +5.4%、TECL +4.7%、SPXL +3.6%、VIX -4.0%、Brent -2.8%。Iran-Egypt-Pakistan仲介framework deal hopeで risk_on confirm。,マクロ closeのpositive判定、Parquetデータ品質OK。WebSearch ↔ Parquet整合性 100%,2026-04-28 18:10:02.873421
189,2026-04-28,positive,positive,Citi 20年ぶり高値達成、Project Bora Bora restructuring success確認。SPXL ~13% Fin weight経由でmild positive、4/14 SPX +1.18%整合。,Restructuring story confirm銘柄のpositive判定妥当。SPXL/SPYへFin weight経由でindex lift効果あり,2026-04-28 18:10:02.869534
190,2026-04-28,negative,neutral,WFC -6.6% individual confirm、ただしSPX +1.18% / Nasdaq +大幅プラス、SOXL +5.9%。WFC negative は個別銘柄止まり、Citi positive で相殺されbroad market risk_on継続。,NII miss個別銘柄negativeはセクター全体センチメント転換ではない。impact判定では「個別銘柄影響」と「指数影響」を分離、Citi/JPM/WFC mixed同日でindex全体neutral相殺pattern多発,2026-04-28 18:10:02.871229
191,2026-04-28,neutral,neutral,BAC anticipation neutral正解、結果 +1.79% on result day。,Earnings anticipation neutral判定はpre-event default正解,2026-04-28 18:10:02.875798
192,2026-04-28,neutral,neutral,"TSMC anticipation neutral、結果は #194 で大幅beat positive、#199 で ADR -2.5%。anticipation→splitパターン K-034 確認。",TSMC anticipation neutral 妥当、結果 split (positive RESULT vs negative ADR反応) パターンは K-034 で予測可,2026-04-28 18:10:02.877758
193,2026-04-28,positive,neutral,Nikkei +1% semi-led (Lasertec/Advantest)。翌日 4/16 TSMC blowup beat、ただし TSM ADR US session -2.5% (K-034) で Asia rally → US sell-off pattern。SOXL 4/15→4/16 -0.X% (limited lift)。,**Asia semi rally → US sell-off K-034 pattern**: Asia close を SOXL/TECL の positive entry signal として使うのは day1 では誤り。pre-event positioning は当日 SOX positive lift を保証しない,2026-04-28 18:10:02.874971
194,2026-04-28,positive,positive,TSMC RESULT 大幅beat (Q2 guide $39-40B vs $38.1B、通年 >30% 上方修正、Capex $56B)、ただし ADR 4/16 US session -2.5% (K-034)。SOXL週次 4/15-4/24 +47% で structural validation 中期 confirm。,TSMC blowup後 day1 ADR -2.5% (K-034) も中期では SOXL +47% で structural AI demand validation positive 確認。day1 vs week1+ で符号反転、time horizon 区別,2026-04-28 18:10:02.878291
195,2026-04-28,neutral,neutral,"ASML beat (Gross 53%, narrow & raise) ながらChina規制懸念で mixed react。SOXL同日 +small (TSMC pre-event positioning が主因、ASML 単独 limited)。",ASML mixed reaction (beat + China overhang) はneutral判定妥当。TSMC pre-event positioning が overrideでASML単独影響 limited,2026-04-28 18:10:02.873957
196,2026-04-28,positive,positive,"4/15 SPX +0.80% 7,022.95 ATH、Nasdaq +1.59% 24,016.02 ATH、VIX 18.17 — Parquet整合確認。BAC +1.79% / MS +4.52% で銀行セクター後半ポジティブ反応。",新ATH更新+VIX <19はrisk_on confirm、Parquet WebSearch整合性確認,2026-04-28 18:10:02.877225
197,2026-04-28,positive,positive,最終的に 4/22 Trump ceasefire indefinite extension で確定 (positive direct catalyst)。SOXL 4/15 $87→4/24 $128.32 (+47%)、Brent 4/15 $94→4/27 $108 (oil独立 spike)、framework deal hopeは中期で実現。,Framework agreement signal は K-009修辞ではなく具体外交進展。途中の Hormuz/Touska 振れは noise (24-30h 半減期)、最終確定は2週間で実現,2026-04-28 18:10:02.876692
198,2026-04-28,positive,positive,"4/16 SPX 7,041.28 ATH、Nasdaq 12連騰 (2009年以来) 達成。4/17 続伸でATH継続更新。reversion risk スケジュールされ始めるが当週は ATH 更新継続。",12連騰 historic signal は QE初期と同じ強さ。reversion riskはschedulededが realizationは数日先、当週内では positive maintained,2026-04-28 18:10:02.881606
199,2026-04-28,neutral,neutral,TSM ADR -2.5% individual confirm、ただし SOX index は +0.5% positive、SOXL 4/16 → 4/17 +1.3%。K-034 個別銘柄レベル止まり。,K-034 beat-and-retreat は ADR個別 -2.5%、SOX index は +0.5% positive。SOXLロング時の TSM個別反応への過剰反応不要,2026-04-28 18:10:02.880628
200,2026-04-28,neutral,neutral,Netflix -9.7% individual + Reed Hastings 退任、ただし SPX +1.20% ATH on day。K-034 個別Q2 guide miss は indexに drag せず。,個別銘柄 -10% でも index影響 limited (NFLX TECL ~5% weight)。CEO退任併発も orderly transition (Sarandos/Peters既就任) で structural risk なし,2026-04-28 18:10:02.882137
201,2026-04-28,positive,neutral,Asia rally Nikkei +2.4% / Kospi +2.21% record→翌米セッションで TSM ADR -2.5% 反転 (K-034)。SOXL 4/16 day-of impact limited。Asia close を SOXL positive entry signal として使うのは誤り。,**K-034 Asia rally → US sell-off pattern: Asia close positive を day1 SOXL entry signal とするのは誤り**。day1 では symbol-specific reaction (TSM ADR -2.5%) が overrideし、broad SOX rally は week+1 まで遅延,2026-04-28 18:10:02.878872
202,2026-04-28,positive,positive,AMD +3.4% on day、4/24 +13% (Intel earnings catalyst加味)、SOXL週次 +30%。Concrete LOI signed (sovereign AI) は positive direct catalyst 妥当。,Concrete LOI/政府AIパートナーシップ deals は positive direct catalyst として有効。Anticipation/rhetoric とは区別、署名 events は具体terms付き,2026-04-28 18:10:02.879758
203,2026-04-28,neutral,neutral,Nikkei -0.80% mild correction、US session 同日 SPX +1.20%。Asia pullback は US session反応次第で結論決まる、impact neutral 正解。,-0.8% Asia pullback は mild correction で regime change ではない。US session 反応決定が最終判断,2026-04-28 18:10:02.883506
204,2026-04-28,neutral,neutral,Daly speech routine、SPX +1.20% on day (driver は Iran Hormuz 開放)、Daly発言 specific impact 限定。,FOMC sub-chair routine speech はscheduled で market spillover限定。neutral 判定 default 正解,2026-04-28 18:10:02.884896
205,2026-04-28,positive,positive,"Israel-Lebanon停戦発効、Brent -10.5% to $88.73、SPX +1.20% 7,126.06 ATH、SOXL +1.3% to $95.94、VIX 17.48。価格反応で停戦実装 confirm。Lebanese 軍 immediate violation claim は K-024 noise として処理可。",停戦発効 (主張ではなく実装) は K-024 から脱却 positive 昇格妥当。ただし即時 violation claim は K-024 pattern、short-term positive medium-term watch,2026-04-28 18:10:02.882705
206,2026-04-28,positive,neutral,"**24h で反転**: 4/17 22:30 Iran Hormuz完全開放→4/18 22:00 再閉鎖宣言 (#208)。Brent -10.5% on 4/17 → 4/19-20 Touska escalation で +5.6% to $95.48 (Hormuz premium 復活)。Iran FM SNS声明レベルは structural change ではなく conditional declaration、value short-lived。",**Iran diplomatic SNS声明は 24h 反転リスク高い**。但書 (ceasefire続く間のみ) や政府公式文書性が薄い場合、initial 価格反応 (-10.5%) は immediate confirm でも structural change と誤認しないこと。Session 28 lesson 「Iran diplomatic signal 48h 半減期」を 24h に短縮修正候補,2026-04-28 18:10:02.88406
207,2026-04-28,positive,positive,"SPX +1.20% 7,126.06 ATH、Nasdaq +1.52% 24,468.48 ATH、VIX 17.48 — Parquet整合。Iran Hormuz開放反応の direct positive。ただし4/18 Hormuz再閉鎖でreverse、rally short-lived。",Hormuz開放反応のSPX/Nasdaq ATH 更新は positive direct confirm。ただし pricing は 24h で reverse (Iran 再閉鎖)、short-lived rally と認識,2026-04-28 18:10:02.885468
208,2026-04-28,neutral,neutral,Brent 4/18 $90.38 (-1.2% only) で当日 limited reaction、ADR-003 実害基準未達。SOXL 4/17 $95.94 → 4/20 $94.09 (-1.9% over 3 days、Touska加味)。Hormuz再閉鎖単独 noiseレベル。,Hormuz再閉鎖単独はADR-003実害基準未達 (VLCC沈没・精製所停止・在庫急減なし)。事後 Touska escalation の +5.6% Brent spike は別 catalyst (US proactive action)、別event扱い,2026-04-28 18:11:10.017003
209,2026-04-28,negative,neutral,30h で完全反転: 4/20 SPX -0.24%/VIX +7.9%/Brent +5.6% to $95.48 — initial negative confirm。ただし 4/21 Trump ceasefire extension示唆+確定→ Brent -5.9% to $89.85、SPX/Nasdaq +1.05%/+1.64% ATH。SOXL 4/17 → 4/22 +10%週次 (Touska消化済み)。,重要 lesson 修正: Session 28 K-038 候補「US proactive action は K-024/K-009 lesson 適用外 negative 維持」は改訂必要。Trump 政策反応次第で 24-30h 半減期。lesson 範囲を「Iran/Trump 修辞 + 迎撃成功」に加えて「US proactive action でも de-escalation pivot 並走時は negative transient」へ拡張。negative維持は (a) 物理損傷+(b) 外交 fallout が継続する場合のみ、Trump 反応で de-escalation pivot あれば neutral default,2026-04-28 18:11:10.018815
210,2026-04-28,neutral,neutral,4/20 -0.24% pullback、VIX 18.87 (<20)。4/21 反転 SPX +1.05% ATH (Trump ceasefire extension)。SOXL 4/20 $94.09 → 4/21 $98.09 (+4.3%) で完全反転。,-0.24% pullback + VIX <20 は構造的 risk-off ではなく単日 noise。1日後の Trump 政策反応次第で全反転 (K-024 transient適用)。「小幅 pullback の neutral 判定」は正しい default、reversal を base case として認識,2026-04-28 18:11:10.02017
211,2026-04-28,neutral,neutral,AAPL US futures反応 mild positive、4/21 SPX +1.05% ATH (driver は Trump ceasefire extension、Apple CEO は noise)。orderly transition (Ternus 9/1就任、Cook executive chairman残留) で continuity確保。,Orderly CEO transition (後任事前指名 + 移行期間 4.5ヶ月 + 前任 chairman 残留) は neutral 妥当。AAPL ~11% QQQ weight 経由でも noise レベル,2026-04-28 18:11:10.019575
212,2026-04-28,positive,positive,"SPX +1.05% 7,137.90 ATH、Nasdaq +1.64% 24,657.57 ATH、SOXL +7.7% to $105.64、Brent +3% to $101.91。SOXL週次 4/21 → 4/24 ピーク +30.8%。価格反応で全方向 confirm、extreme positive。",Trump 大統領 executive action (decision) は K-009 修辞 (modal「may not extend」) と区別すべき。Iran ceasefire indefinite extension は具体決定で positive direct catalyst、price reaction extreme で confirm,2026-04-28 18:11:10.020722
213,2026-04-28,neutral,neutral,"Brent +3% (#212 と統合反応)、SOXL +7.7% — IRGC seizure 単独 limited reaction、ADR-003 実害基準未達。Hormuz継続封鎖は ceasefire 次元と decoupled。",K-024 進行中戦争繰り返し (IRGC seizure post-ceasefire) は neutral 妥当。Hormuz disruption と ceasefire は decoupled、後者は equity positive 影響、前者は oil supply 限定影響,2026-04-28 18:11:10.021698
214,2026-04-28,neutral,neutral,TSLA AMC initial +4% → failure、4/23 day session SPX/Nasdaq new ATH (Intel期待 driver)、SOXL +6.7%、TSLA mixed react。capex hike $25B は cash flow 懸念 narrative ありつつも index neutral。,Tesla mixed result + capex hike は neutral 妥当。TQQQ/SPX 経由間接影響 limited、TSLA ~3% weight で index drag最小,2026-04-28 18:11:10.022356
215,2026-04-28,positive,positive,AMD +13% on 4/24 to $347.81、SOXL +13.8% to $128.32 (record)、SOX 17日連続+41%。Parquet整合: SOXL 4/23 $112.77 → 4/24 $128.32 (+13.8% confirmed)。AI cycle re-acceleration 強烈な direct positive catalyst。,Intel Q1 blowout は data center CPU AI demand structural validation として SOX positive direct catalyst。AMD price target $220→$375 (DA Davidson) で analyst re-rate も confirm。ただし SOX 17日連続+41% は historical extreme で mean reversion catalyst リスク蓄積、FOMC hawkish surprise が引き金候補,2026-04-28 18:11:10.0229
216,2026-05-19,positive,neutral,Iran 4/27 Hormuz reopen proposal direct市場反応: BRENT 4/27 108.23 → 4/28 111.26 (+2.8%) → 4/29 118.03 (+9.0% 累積、Trump blockade受け反転急騰)。SOXL 4/27 123.39 → 4/28 109.56 (-11.2%) で大幅下落 (Mag7+地政学複合)。proposal直後 24h以内 Trump blockade rhetoric で de-facto neutralize、positive 判定は強気すぎ。,Iran proposal-led positive判定は Trump反応24h窓内のreversal risk常時警戒。提案単独で positive とせず、Trump追加rhetoric 24-48h 確認後にimpact確定すべき。中間的にneutral default、Trump non-reaction後にpositive upgrade pattern。,2026-05-19 00:54:15.823907
217,2026-05-19,neutral,neutral,"FOMC announcement本体 pricing通り、市場反応はstatement後の Powell tone + 8-4 dissent解釈に依存。SOXL/TQQQ翌日反応はevent #219で確認。","FOMC事前announcement event単独はsurprise 余地ゼロ、neutral維持で正解。実反応はannouncement直後のresult event側で測る (#217 + #219 同型の baseline)。",2026-05-19 00:54:15.826138
218,2026-05-19,neutral,neutral,UAE OPEC exit (5/1効力): BRENT 4/28 111.26 → 4/29 118.03 → 4/30 114.01 → 5/1 108.17 → 5/8 weekly avg ~$100。週次 net -7% (Trump blockade overlap)。SOXL 4/28 109.56 → 5/8 176.94 (+61% week)、UAE 単独要因切り離し困難だがoil divergence拡大。両論並走 neutral 妥当。,Structural政策change (国際組織離脱、貿易協定変更等) は単独で価格impact限定的、price action は overlay事件 (Trump blockade等) に dominant influence。構造変化はimmediate price ではなくfloor/ceiling の structural shift で評価。,2026-05-19 00:54:15.827152
219,2026-05-19,neutral,positive,FOMC 4/29 8-4 dissent 結果後: SOXL 4/29 117.97 → 4/30 126.98 (+7.6%)、TQQQ 61.86 → 63.54 (+2.7%)、SPXL 239.60 → 246.37 (+2.8%)。dissent構成解釈 (Miran continuous cut + 3名 against easing bias) は混在だが market は dovish bias (cut票存在) を採用、risk_on反応。5/1も連騰確認 SOXL 130.40。,"**FOMC dissent構成は pricing済み rate decision の二次catalyst**。surprise余地ゼロでも、dissent候補 (cut派 vs 据置派) の解釈で market sentiment shift。Miran-type continuous dovish dissent存在 = risk_on側に重み、positive bias妥当。次回 FOMC でも dissent構成変化 (e.g., 6/16-17 Warsh初会合 dissent方向) は post-event 12h以内 reaction決定要因。neutral default見直し候補。",2026-05-19 00:54:15.827946
220,2026-05-19,neutral,neutral,Trump 4/30 blockade継続宣言: BRENT 4/30 114.01 → 5/1 108.17 → 5/4 114.44 → 5/5 109.87 → 5/6 101.27 → 5/7 100.06 で1週で -12.2% retracement。K-024 transient pattern完璧に再現。SOXL 4/30 126.98 → 5/8 176.94 (+39%) で oil影響は equity に伝播せず。,K-024 transient pattern適用範囲確認: Trump executive action (blockade継続宣言) でもannouncement → 1週以内 retracement完了 = neutral 妥当。oil → equity spillover は AMD/NFP catalyst のような正のflowにoverride される confirmedパターン (5/3 lesson 5/19 confirm)。,2026-05-19 00:54:15.828614
221,2026-05-19,neutral,neutral,Mag7 4/30 AMC mixed: TQQQ 4/30 63.54 → 5/1 65.30 (+2.7%) → 5/4 64.91 → 5/5 67.39。GOOGL+10/AMZN+4 と MSFT-4/META-9 で aggregate +1%程度の index level neutral相殺、ただし modest positive tilt。AAPL beat (5/1) overlap で純粋切り分け困難。,Mag7 mixed earnings の TQQQ aggregate反応は理論通り neutral 〜 slight positive。Wells Fargo/Citi Q1 lesson 完全再現 (n=複数で structural pattern化)。個別銘柄 +10/-9 のような mixed は index level で -2% 以上の大幅 down は通常起きない、neutral default継続妥当。,2026-05-19 00:54:15.829236
222,2026-05-19,positive,positive,AAPL Q2 FY26 beat (5/1 release): TQQQ 5/1 65.30 → 5/4 64.91 → 5/5 67.39 → 5/8 76.28 (+16.8% week)。TECL 152.66 → 193.09 (+26.5% week)。+3% AH modest だが翌週への positive flow continuation。Greater China +28% surprise + $100B buyback で structural strong narrative confirm。,AAPL beat は modest +3% AH でも 1週後 TECL +26.5% に flowthrough。China surprise成分があると structural positive narrative化、initial AH controlled反応 ≠ week+ impact small。次回 AAPL earnings positive時は AH反応のみで impact判定せず、structural quality (China成長、buyback) 評価で 1週展望を立てる。,2026-05-19 00:54:15.829794
223,2026-05-19,positive,positive,AMD Q1 2026 blowout (5/4 AMC ET): SOXL 5/4 127.55 → 5/5 144.16 → 5/6 165.85 → 5/8 176.94 → 5/11 190.42 (+49.3% 1週)。TECL 5/4 153.15 → 5/11 200.70 (+31.0%)。AMD $10.3B (+38%) + Q2 guide +46% + Meta 6GW deal で AI capex cycle再加速catalyst として完璧機能。SOXL RSI 80.97 overbought 局面でも continuation 選択 (mean reversion でなく).,**Blowout earnings + structural partnership announcement (Meta 6GW) の組み合わせは overbought環境でも continuation triggered**。AMD Q1 + Meta lead customer announcement の 2-component組み合わせは SOXL週次 +49% の historical level。次回類似 (NVDA 5/20 AMC + structural partnership announcement 同型) でも overbought解消 fearで underweight しない。,2026-05-19 00:54:15.830373
224,2026-05-19,neutral,neutral,US Project Freedom launch + <48h pause (5/4-5): BRENT 5/4 114.44 → 5/5 109.87 → 5/6 101.27 → 5/7 100.06 で -12.6% retracement (3日)。SOXL 5/5 144.16 → 5/6 165.85 (+15%) で oil spillover無し、equity dominantly AMD earnings drive。K-024 transient完璧再現、Trump即pause = de-escalation pivot 並走の判定通り。,K-024 transient pattern: announcement + <48h pause/de-escalation rhetoric → 3日以内 retracement 80%超完了 confirmed (n=複数)。Project Freedom は executive military action だがwithdrawal speed極速で transient扱い妥当。military action でも executor 自身が即時撤回するとneutral default 維持。,2026-05-19 00:54:15.83097
225,2026-05-19,neutral,neutral,5/7 US-Iran fire exchange (3 destroyers + Iran 3 ports counterstrike): BRENT 5/7 100.06 → 5/8 101.29 → 5/11 104.21 (+4.2% 4日、軽微)。SOXL 5/7 152.10 → 5/8 176.94 (+16.3%、NFP catalyst dominant) → 5/11 190.42。VIX 17.08 → 17.19 (横ばい)。death 0 + 物理損傷限定 + Trump-Xi summit優先で K-024+K-038 lesson通り完全neutral。,US proactive military action (US counterstrike) + 死者0 + 引き分け帰投 + 翌週外交イベント優先 = neutral default 確定。K-038 lesson (US proactive でも de-escalation pivot並走 neutral) を fire-exchange レベルにも拡張可能confirmed。negative化 trigger は (a) 米軍KIA発生 (b) Iran supply実被害 (c) Trump後続escalation (no de-escalation pivot) の3条件いずれか。,2026-05-19 00:54:15.831512
226,2026-05-19,positive,positive,April NFP +115K beat + AHE 3.6% YoY dovish wage (5/8 BLS release): SOXL 5/7 152.10 → 5/8 176.94 (+16.3%) は同日大幅 risk-on反応、TQQQ 71.34 → 76.28 (+6.9%)、SPXL 259.38 → 265.56 (+2.4%)。dovish wage で利下げ期待 → SOXL/TECL最も強い反応 (leverage効果)。5/11 continuation SOXL 190.42、TECL 200.70。,**NFP の dovish wage component (AHE miss) は job数 beat と同等以上の利下げ期待catalyst**。job数+115K beat単独 ≠ +16% SOXL move、AHE miss + 失業率横ばいの soft landing narrative確認が dominant flow trigger。次回 NFP では headline NFP よりも AHE YoY surprise vs 予想 を最重要 metric として観察。leverageETF (SOXL/TECL) で dovish wage reaction が最も増幅。,2026-05-19 00:54:15.832037
227,2026-05-19,neutral,neutral,Trump 5/10 rejection of Iran 14-point: BRENT 5/11 104.21 → 5/12 107.77 → 5/13 105.63 (微増のみ +1.4%)。VIX 5/11 18.38 → 5/12 17.99 (低下)。SOXL 5/11 190.42 → 5/12 172.52 (-9.4%) は overbought解消 mean reversion が主因 (geopolitical 切り分け困難だが BRENT/VIX 反応軽微で direct因果薄)。K-009 modal threat lesson 通り neutral 確認。,K-009 modal threat lesson: Trump rejection rhetoric単独は VIX +1pt未満、BRENT +1.4% で軽微反応。equity weakness は他要因 (overbought reversion) dominate。Trump SNS/演説拒否を impact調整material と誤認しない、background neutral 維持確認。,2026-05-19 00:54:15.832532
228,2026-05-19,neutral,neutral,Trump-Xi Beijing summit 5/14-15: SPXL 5/14 276.90 → 5/15 266.60 (-3.7%)、TQQQ 78.95 → 75.34 (-4.6%)、SOXL 186.19 → 164.18 (-11.8% 大幅下落)、VIX 17.26 → 18.43 (+6.8%)。具体的tariff cut発表なし + 期待先行unwind で sell-the-news pattern完璧。SOXL -11.8% は overbought reversion overlay でも summit driven の一部含む。,**High-profile US-China summit (Trump-Xi) は structural change announcement なしならsell-the-news で SPXL -3.7%/SOXL -11.8% reaction**。leverage ETF は特に summit overhang関連で reversion加速。次回類似イベント (Trump-Xi follow-up summit、6/16-17 FOMC同型の高期待 event) は pre-event positioning trim 推奨、post-event +24-48h で entry reconsider。neutral default だが leverage ETF短期 negative tilt認識。,2026-05-19 00:54:15.833079
324,2026-07-21,negative,neutral,判定の訂正であって値動きの採点ではない。訂正理由は手続き上の瑕疵: 登録時のimpact_reasoningに「初動売り後に同日中に大半戻した」というrealized priceを根拠として書いており、look-aheadがimpact判定に混入していた(K-056)。内容のみで再評価すると両義的で neutral が妥当: (a)negative側=中国が米compute制限下でfrontier級に到達し「高価な専用ハードがどれだけ要るか」の前提を弱める (b)positive側=価格が$3/$15 per Mトークンと米トップ系と同等のpremium帯で価格破壊ではなく、かつ2.8兆パラメータのopen-weightは実行側に膨大な推論computeを要求するため配備が増えるほど需要は増える (c)DeepSeek初回(2025)ではAIブームがショックを吸収した先例がある(PIIE)。事前にどちらとも言えないため neutral。,impact判定にrealized priceを書いた時点でlook-ahead混入とみなし訂正する(K-056)。ADR-034が禁じるのはinclusionのlook-aheadだが、impactに混入するとreview-eventsの事後採点が自己成就になり、Brier的なフィードバックループ全体が無効化されるため、より有害。**この訂正自体への警戒も記録する**: 結果を知った後に negative を neutral へ下げる操作は、「値動きが戻ったから穏当な判定に見える」方向とも一致しており、手続き上の理由づけが結果への後追いを覆い隠している可能性を排除できない。次回以降は登録時点でreasoning に realized price が入っていないかを書き終えた直後にセルフチェックし、事後訂正に頼らない。,2026-07-21 16:56:22.979452
